"Файл";"Кто";"Где звучит";"Текст"
"egor_hello_1.mp3";"Егор";"Приветствие при первом входе";"Привет! Рад видеть тебя в игре."
"egor_hello_2.mp3";"Егор";"Приветствие при первом входе";"Здесь нет кубика: каждый ход ты зарабатываешь делом. Каждый ход — сдержанное слово."
"egor_hello_3.mp3";"Егор";"Приветствие при первом входе";"Следом за нами идёт Тьма. Отстанешь — она заберёт тебя в плен. Но мы идём вместе, и твоя тройка всегда вытащит своего."
"egor_hello_4.mp3";"Егор";"Приветствие при первом входе";"Что ждёт тебя на пути, ты узнаешь только на встрече, когда сделаешь ход."
"egor_hello_5.mp3";"Егор";"Приветствие при первом входе";"А пока копи ходы: на этой неделе у нас важные задания. Они во вкладке «Задания»."
"egor_hello_6.mp3";"Егор";"Приветствие при первом входе";"Отмечай выполнение вовремя — так ко встрече у тебя накопятся ходы, и ты уйдёшь от Тьмы."
"egor_hello_7.mp3";"Егор";"Приветствие при первом входе";"А ещё у тебя есть дневник. Пиши туда всё, что беспокоит, и то, что хочешь обсудить на встрече."
"egor_hello_8.mp3";"Егор";"Приветствие при первом входе";"Его не видит никто, кроме тебя."
"yara_hello.mp3";"Яра";"Приветствие при первом входе";"Гав! (Яра считает, что ты молодец.)"
"egor_morning.mp3";"Егор";"Главный экран, утро";"Новый день — новые ходы. С чего начнёшь?"
"egor_evening.mp3";"Егор";"Главный экран, вечер без отметок";"День ещё не закончен. Один маленький шаг — тоже шаг."
"egor_before_meeting.mp3";"Егор";"Главный экран, накануне встречи";"Что ждёт тебя на поле — узнаешь завтра. Главное — прийти с ходами."
"egor_captive.mp3";"Егор";"Плен; итоги встречи";"Даже в плену ходы копятся. Тебя вытащат — ты здесь не один."
"egor_ceiling.mp3";"Егор";"Главный экран, у потолка";"Потолок — это не стена. Это дверь, которую ты ещё не открыл."
"egor_ceil_broken.mp3";"Егор";"Итоги встречи: пробит потолок";"Новый уровень. Ниже ты уже не упадёшь."
"egor_streak4.mp3";"Егор";"Главный экран: 4 недели подряд";"Четыре недели подряд. Это уже характер."
"egor_path.mp3";"Егор";"Главный экран, днём";"Я не дам тебе лёгкий путь. Я дам тебе путь, который сделает тебя сильнее."
"egor_recap.mp3";"Егор";"Итоги встречи";"Встреча позади. Счётчик обнулён — новая неделя, новые ходы."
"egor_released.mp3";"Егор";"Итоги встречи: освобождение";"Ты на свободе. Тройка не бросила своего."
"egor_top.mp3";"Егор";"Вершина";"Ты на вершине. Ты — герой потока. Я горжусь тобой."
"egor_final_win.mp3";"Егор";"Финал: Тьма побеждена";"Мы победили Тьму. Вместе. Каждый из вас прошёл свой путь до конца."
"egor_final_lose.mp3";"Егор";"Финал: Тьма сильнее";"В этот раз Тьма оказалась сильнее. Но всё, что ты сделал, остаётся с тобой. Путь продолжается."
"yara_task.mp3";"Яра";"Новое задание";"Гав! У тебя новое задание."
"yara_1.mp3";"Яра";"Выбегает в угол экрана";"Гав! (Яра считает, что ты молодец.)"
"yara_2.mp3";"Яра";"Выбегает в угол экрана";"Яра что-то знает про поле. Но не скажет."
"yara_3.mp3";"Яра";"Выбегает в угол экрана";"Гав-гав! Яра принесла тебе немного смелости."
"yara_4.mp3";"Яра";"Выбегает в угол экрана";"Яра нюхает воздух: Тьма где-то позади. Не останавливайся."
"yara_5.mp3";"Яра";"Выбегает в угол экрана";"Гав! Яра напоминает: маленький шаг — тоже шаг."
"yara_6.mp3";"Яра";"Выбегает в угол экрана";"Гав! Яра проверила: ты сегодня молодец."
"yara_7.mp3";"Яра";"Выбегает в угол экрана";"Яра виляет хвостом. Это значит: продолжай!"